SEASON,TEAM,PPG,FG_PCT,FG3_PCT,FT_PCT,ORPG,DRPG,RPG,APG,SPG,BPG,TPG,FPG,WIN_PCT
2001,ATL,90.9,0.431,0.356,0.758,12.5,30.3,42.9,19.0,7.7,4.7,15.7,22.7,30.5
2001,BKN,92.0,0.424,0.333,0.759,11.0,28.5,39.5,19.5,7.9,4.9,13.8,24.1,31.7
2001,BOS,94.6,0.427,0.362,0.740,10.9,28.8,39.8,20.8,9.3,4.0,15.0,23.8,43.9
2001,CHA,0,0,0,0,0,0,0,0,0,0,0,0,0
2001,CHI,87.5,0.424,0.346,0.738,11.2,27.5,38.8,22.0,8.2,4.6,14.5,23.1,18.3
2001,CLE,92.2,0.442,0.333,0.765,12.3,29.7,42.1,20.8,7.8,5.3,15.8,23.2,36.6
2001,DAL,100.,0.459,0.380,0.794,10.1,31.3,41.4,21.2,7.5,6,13.3,23.2,64.6
2001,DEN,96.5,0.433,0.354,0.737,12.7,31.5,44.2,24.0,6.7,6.5,13.3,22.1,48.8
2001,DET,95.5,0.424,0.349,0.721,13.5,32.0,45.5,19.8,7.4,5.4,15.4,23.8,39
2001,GSW,92.4,0.409,0.292,0.705,16.4,29.0,45.4,21.8,9.0,5,15.2,21.0,20.7
2001,HOU,97.2,0.453,0.356,0.758,11.2,30.7,41.9,19.6,7.1,4.3,13.8,20.2,54.9
2001,IND,92.5,0.439,0.341,0.766,11.2,31.6,42.8,21.5,6.8,5.9,14.3,23.4,50
2001,LAC,92.4,0.447,0.338,0.693,11.7,31.2,42.9,19.3,5.9,6.2,14.7,21.6,37.8
2001,LAL,100.,0.465,0.344,0.683,13.2,31.5,44.7,23.0,6.8,5.9,13.8,22.8,68.3
2001,MEM,91.7,0.438,0.343,0.770,10.9,29.6,40.5,23.1,7.1,4.3,15.0,21.1,28
2001,MIA,88.8,0.430,0.345,0.759,9.91,29.6,39.6,19.8,7.7,3.7,13.1,21.0,61
2001,MIL,100.,0.457,0.379,0.786,11.8,30.4,42.3,22.4,8.1,4.7,13.1,23.5,63.4
2001,MIN,97.3,0.458,0.357,0.785,12.2,30.1,42.3,25.4,8.3,5.5,13.4,23.1,57.3
2001,NOP,91.9,0.430,0.345,0.745,12.5,31.8,44.4,23.1,8.1,5.5,13.7,21.3,56.1
2001,NYK,88.7,0.444,0.350,0.795,9.42,30.7,40.2,18.5,6.6,4.2,13.8,22.7,58.5
2001,OKC,97.2,0.455,0.398,0.732,12.1,29.5,41.7,21.8,8.0,4.9,14.6,21.1,53.7
2001,ORL,97.4,0.438,0.364,0.713,13.0,29.8,42.9,21.9,8.2,5.8,14.8,25.2,52.4
2001,PHI,94.6,0.447,0.326,0.745,13.1,31.7,44.8,20.6,8.4,4.9,15.0,20.4,68.3
2001,PHX,94.0,0.435,0.314,0.755,11.8,30.8,42.6,23.2,9.4,5.2,14.7,22.7,62.2
2001,POR,95.4,0.468,0.349,0.761,11.7,30.2,41.9,23.9,8.1,5.1,14.7,21.2,61
2001,SAC,101.,0.449,0.354,0.771,12.0,32.9,45.0,22.5,9.6,5.2,14.3,19.4,67.1
2001,SAS,96.1,0.460,0.406,0.714,11,33.0,44.0,21.6,6.9,7.0,13.4,18.9,70.7
2001,TOR,97.6,0.437,0.368,0.746,13.6,30.8,44.4,24.4,7.3,6.3,12.7,21.2,57.3
2001,UTA,97.0,0.470,0.381,0.751,11.5,29.0,40.5,25.7,8.0,5.6,15.2,25.6,64.6
2001,WAS,93.2,0.439,0.324,0.759,12.3,28.9,41.2,20.0,7.6,4.6,16.1,23.3,23.2
2002,ATL,94.0,0.438,0.354,0.765,11.6,29.8,41.4,20.1,8.1,4.2,14.6,20.7,40.2
2002,BKN,96.2,0.446,0.337,0.735,12.6,30.6,43.3,24.2,8.7,5.9,14.2,21.1,63.4
2002,BOS,96.3,0.423,0.359,0.764,10.8,31.3,42.2,21,9.6,3.5,13.1,21.6,59.8
2002,CHA,0,0,0,0,0,0,0,0,0,0,0,0,0
2002,CHI,89.4,0.433,0.345,0.721,11.2,28.7,40.0,22.1,7.7,4.4,14.2,22.3,25.6
2002,CLE,95.2,0.447,0.377,0.772,11.8,30.2,42.0,23.0,6.9,5.7,13.7,21.3,35.4
2002,DAL,105.,0.461,0.377,0.806,11.1,31.3,42.5,22.0,7.0,4.7,11.6,22.4,69.5
2002,DEN,92.1,0.424,0.329,0.743,13.6,28.1,41.7,22.1,7.4,5.6,13.7,22.8,32.9
2002,DET,94.3,0.451,0.375,0.756,9.87,28.8,38.7,21.5,7.9,6.8,13.8,20.6,61
2002,GSW,97.6,0.428,0.321,0.722,16.2,30.4,46.6,20.8,7.9,6.3,16.1,22.9,25.6
2002,HOU,92.3,0.427,0.335,0.740,12.5,29.4,41.9,18.0,6.5,5.4,13.0,18,34.1
2002,IND,96.8,0.446,0.338,0.771,11.3,31.3,42.6,22.9,8.0,5.3,14.5,22.8,51.2
2002,LAC,95.6,0.445,0.355,0.739,13.2,30.1,43.3,20.9,6.2,6.5,14.0,19.8,47.6
2002,LAL,101.,0.460,0.354,0.698,12.4,31.7,44.2,22.9,7.6,5.8,12.1,22.2,70.7
2002,MEM,89.9,0.436,0.306,0.708,12,29.4,41.4,21.7,7.8,5.9,15.7,19.1,28
2002,MIA,87.1,0.438,0.347,0.723,11,31.0,42.0,20.2,6.6,5.4,14.0,22.5,43.9
2002,MIL,97.5,0.462,0.374,0.747,10.2,31.1,41.4,22.5,7.2,4.7,13.5,21.8,50
2002,MIN,99.3,0.461,0.378,0.797,12.9,31.2,44.1,24.3,6.3,5.2,13.0,21.2,61
2002,NOP,93.9,0.439,0.348,0.744,12.9,30.5,43.4,21.4,7.9,5.5,13.5,21.3,53.7
2002,NYK,91.6,0.432,0.352,0.787,10.6,29.9,40.6,20.9,6.8,3.5,14.0,21.9,36.6
2002,OKC,97.7,0.468,0.378,0.755,11.8,28.4,40.2,23.4,8.5,4.4,13.2,21.1,54.9
2002,ORL,100.,0.447,0.373,0.754,11.4,29.7,41.2,22,8.1,4.6,13.2,20.7,53.7
2002,PHI,90.9,0.435,0.299,0.778,13.3,30.9,44.2,19.9,8.5,4.4,14.3,20.0,52.4
2002,PHX,95.1,0.446,0.326,0.766,13.0,29.6,42.7,22.4,8.1,4.8,14.2,21.7,43.9
2002,POR,96.6,0.450,0.353,0.763,13.2,29.8,43.0,23.4,8.5,4.4,13.6,19.6,59.8
2002,SAC,104.,0.466,0.367,0.751,12.3,32.9,45.3,23.8,9.0,4.5,13.3,19.0,74.4
2002,SAS,96.7,0.457,0.361,0.741,11.0,31.2,42.3,20.0,7.6,6.5,13.8,19.2,70.7
2002,TOR,91.3,0.433,0.348,0.739,13.5,28.4,42.0,21.6,8.3,5.5,13.5,21.5,51.2
2002,UTA,95.9,0.450,0.332,0.762,13.5,28.6,42.1,24.3,9.1,6.3,15.7,24.0,53.7
2002,WAS,92.7,0.440,0.388,0.765,12.8,29.1,42.0,20.9,6.9,4.3,12.1,21.5,45.1
2003,ATL,94.0,0.444,0.352,0.792,11.4,31.1,42.6,20.4,7.4,5.7,15.9,21.7,42.7
2003,BKN,95.3,0.441,0.332,0.757,12.0,30.8,42.9,23.0,8.7,4.5,14.4,21.6,59.8
2003,BOS,92.6,0.414,0.333,0.742,10.3,30.1,40.4,19.2,8.7,3.6,13.4,21.4,53.7
2003,CHA,0,0,0,0,0,0,0,0,0,0,0,0,0
2003,CHI,94.9,0.445,0.350,0.722,12.0,30.9,43,21.7,7.3,5.6,16.2,24.7,36.6
2003,CLE,91.4,0.422,0.327,0.746,13.6,31,44.6,20.8,7.7,6.3,17.4,22.7,20.7
2003,DAL,102.,0.452,0.381,0.828,11.1,31.0,42.1,22.4,8.1,5.4,11.0,21.0,73.2
2003,DEN,84.1,0.410,0.277,0.699,13.5,28.8,42.3,21.1,8.6,5.1,17.3,25.0,20.7
2003,DET,91.3,0.430,0.358,0.771,10.7,29.8,40.5,19.7,6.7,5.7,12.7,21.3,61
2003,GSW,102.,0.441,0.344,0.777,15.6,31.0,46.7,20.8,7.2,6.1,15.1,21.7,46.3
2003,HOU,93.7,0.439,0.346,0.767,12.4,31.2,43.7,18.3,7.2,6.0,14.6,19.5,52.4
2003,IND,96.8,0.440,0.338,0.765,12.2,31.9,44.2,23.2,8.4,5.4,14.0,22.0,58.5
2003,LAC,93.8,0.436,0.331,0.750,12.2,30.0,42.3,19.5,7,5.6,15.1,21.7,32.9
2003,LAL,100.,0.450,0.355,0.733,13.1,31.1,44.2,23.2,7.7,5.7,14.0,22.8,61
2003,MEM,97.5,0.452,0.365,0.738,11.5,30.0,41.5,23.0,7.9,6.0,14.8,20.4,34.1
2003,MIA,85.5,0.412,0.316,0.764,11.5,30.0,41.6,18.3,7.2,3.9,13.3,22.6,30.5
2003,MIL,99.4,0.456,0.383,0.776,10.6,28.8,39.5,22.2,7.5,4.1,12.1,22.1,51.2
2003,MIN,98.1,0.465,0.368,0.769,11.6,31.8,43.5,25.2,6.7,5.2,13.3,20.7,62.2
2003,NOP,93.8,0.435,0.375,0.768,13.3,30.1,43.5,22.0,8,4.8,14.0,21.5,57.3
2003,NYK,95.8,0.441,0.383,0.814,10.2,28.9,39.2,21.9,7.0,3.1,13.5,23.0,45.1
2003,OKC,92.1,0.437,0.353,0.744,11.7,29.0,40.8,21.6,8.2,3.5,12.5,20.8,48.8
2003,ORL,98.5,0.435,0.357,0.777,11.6,29.1,40.8,20.4,8.4,3.6,13.8,23.0,51.2
2003,PHI,96.8,0.448,0.311,0.774,12.7,29.4,42.1,21.5,10.,3.4,14.1,22,58.5
2003,PHX,95.5,0.443,0.342,0.741,12.7,29.7,42.5,20.9,8.1,4.9,14.2,21.9,53.7
2003,POR,95.1,0.460,0.329,0.744,12.0,29,41.0,22.6,8.8,3.8,14.4,19.9,61
2003,SAC,101.,0.463,0.381,0.746,10.9,33.5,44.5,24.8,8.9,5.5,14.2,20.3,72
2003,SAS,95.8,0.461,0.353,0.725,11.4,31.1,42.6,19.9,7.6,6.4,15.3,20.3,73.2
2003,TOR,90.8,0.427,0.342,0.718,12.4,28.7,41.1,19.3,7.4,4.7,13.4,21.4,29.3
2003,UTA,94.6,0.467,0.349,0.744,12.4,29.0,41.4,25.6,8.6,5.6,15.9,22.4,57.3
2003,WAS,91.4,0.440,0.311,0.778,11.1,29.2,40.3,19.6,7.5,4.7,12.6,20.0,45.1
2004,ATL,92.8,0.433,0.335,0.776,12.1,30.5,42.7,20.0,7.6,4.9,15.5,22.2,34.1
2004,BKN,90.2,0.441,0.335,0.753,10.5,30.1,40.6,24.5,8.6,3.9,14.1,21,57.3
2004,BOS,95.2,0.443,0.345,0.750,10.3,29.7,40.1,20.5,9.3,4.0,15.7,22.4,43.9
2004,CHA,0,0,0,0,0,0,0,0,0,0,0,0,0
2004,CHI,89.6,0.414,0.341,0.725,12.7,30.7,43.5,21.8,8.0,4.8,15.2,23.3,28
2004,CLE,92.9,0.432,0.314,0.752,13.6,31.9,45.5,22.0,7.1,6.5,14.2,21.2,42.7
2004,DAL,105.,0.459,0.348,0.795,14.3,30.9,45.2,23.9,8,5.3,11.7,19.6,63.4
2004,DEN,97.2,0.442,0.336,0.766,13.2,29.1,42.3,21.8,9.0,6.3,14.6,22,52.4
2004,DET,90.0,0.435,0.344,0.752,12.3,30.3,42.7,20.7,8.0,6.9,14.3,20.2,65.9
2004,GSW,93.2,0.441,0.334,0.724,12.2,30.8,43.1,20.5,7.0,4.7,14.0,20.6,45.1
2004,HOU,89.7,0.441,0.366,0.772,10.3,32.2,42.6,19.2,6.8,5.4,15.7,21.4,54.9
2004,IND,91.3,0.435,0.350,0.763,11.7,29.9,41.6,21.6,8.8,5.0,13.5,20.8,74.4
2004,LAC,94.7,0.428,0.321,0.785,14.0,29.4,43.4,20.1,7.2,4.5,15.6,22.1,34.1
2004,LAL,98.1,0.453,0.327,0.693,12.2,30.9,43.1,23.7,8.3,4.6,13.3,21.1,68.3
2004,MEM,96.7,0.445,0.340,0.726,12.7,29.0,41.8,23.3,9.6,6.8,14.3,23.2,61
2004,MIA,90.2,0.425,0.357,0.761,11.4,29.9,41.4,19.0,7.1,3.8,13.1,22.0,51.2
2004,MIL,98.0,0.446,0.350,0.774,11.7,30.5,42.2,22.8,6.7,4.6,13,20.3,50
2004,MIN,94.5,0.461,0.363,0.780,10.6,32.2,42.9,23.0,6.8,5.6,12.2,21.1,70.7
2004,NOP,91.8,0.419,0.318,0.750,13.3,29.4,42.7,20.9,8.6,4.2,14.0,20.9,50
2004,NYK,91.9,0.442,0.364,0.793,11.5,31.0,42.5,20.6,7.4,4.7,15.2,23.1,47.6
2004,OKC,97.1,0.445,0.373,0.764,11.0,28.2,39.3,21.7,8.0,4.7,13.7,21.7,45.1
2004,ORL,94.0,0.429,0.343,0.737,12.2,28.6,40.8,19.3,6.6,3.7,12.9,21.2,25.6
2004,PHI,87.9,0.428,0.341,0.752,11.4,29.3,40.8,20,7.9,4.3,14.7,20.7,40.2
2004,PHX,94.1,0.443,0.345,0.746,11.2,29.3,40.6,19.3,8.9,4.6,14.6,22.7,35.4
2004,POR,90.7,0.448,0.345,0.730,12.6,28.9,41.6,21.5,7.4,5.4,13.8,18.9,50
2004,SAC,102.,0.462,0.401,0.795,10.8,30.3,41.2,26.2,8.6,3.9,13.5,19.3,67.1
2004,SAS,91.4,0.441,0.357,0.681,12.5,32.5,45.0,20.4,8.0,6.5,14.0,20.3,69.5
2004,TOR,85.4,0.418,0.356,0.749,10.1,29.5,39.6,19.1,7.3,4.9,13.2,21.3,40.2
2004,UTA,88.6,0.435,0.320,0.746,13.4,27.7,41.1,20.3,7.1,6.0,15.3,25.5,51.2
2004,WAS,91.8,0.420,0.341,0.714,13.5,29.1,42.7,18.7,8.9,4.9,16.7,20.8,30.5
2005,ATL,92.7,0.440,0.312,0.710,13.4,28.4,41.8,19.6,7.6,4.1,15.3,24.5,15.9
2005,BKN,91.4,0.428,0.361,0.762,10.4,29.1,39.5,21.6,7.9,3.7,13.4,24.2,51.2
2005,BOS,101.,0.467,0.349,0.764,11.0,29.7,40.8,22.0,8.1,5.1,15.3,24.3,54.9
2005,CHA,94.2,0.431,0.363,0.709,13.2,28.4,41.6,21.8,8.4,5.3,13.8,23.0,22
2005,CHI,94.4,0.432,0.356,0.75,12.2,31.5,43.8,21.2,7.0,4.5,16.0,24.7,57.3
2005,CLE,96.5,0.447,0.331,0.751,13.6,28.6,42.3,22.5,7.9,5.6,13.0,22.5,51.2
2005,DAL,102.,0.457,0.363,0.789,12.0,30.8,42.9,19.6,8.6,5.6,12.8,22.2,70.7
2005,DEN,99.5,0.459,0.340,0.763,11.7,30.1,41.9,23.8,9.1,5.9,14.4,22.9,59.8
2005,DET,93.3,0.444,0.344,0.738,12.8,30.5,43.4,21.7,7.0,6.0,13.0,19.9,65.9
2005,GSW,98.7,0.430,0.351,0.722,13.0,29.7,42.7,22.0,7.8,5.1,13.1,22.3,41.5
2005,HOU,95.0,0.443,0.363,0.780,10.6,31.7,42.3,21.1,6.8,4.6,13.0,22.0,62.2
2005,IND,93,0.432,0.344,0.792,10.5,29.4,40.0,18.1,7.5,4.3,13.3,23.0,53.7
2005,LAC,95.7,0.459,0.345,0.778,11.9,29.9,41.8,23.1,7.3,5.1,14.7,22.1,45.1
2005,LAL,98.7,0.436,0.355,0.777,12.5,30.6,43.1,20.3,6.1,4.1,13.7,21.8,41.5
2005,MEM,93.4,0.446,0.357,0.753,10.8,28.1,38.9,20.9,8.5,5.8,13.9,23.2,54.9
2005,MIA,101.,0.486,0.376,0.672,10.8,32.1,43,21.8,6.4,5.7,13.3,22.1,72
2005,MIL,97.2,0.450,0.351,0.771,12.0,29.3,41.3,20.9,6.4,3.5,13.3,21.9,36.6
2005,MIN,96.7,0.459,0.344,0.796,11.5,31.4,43.0,23.3,5.6,5.4,12.6,21.6,53.7
2005,NOP,88.4,0.414,0.315,0.765,12.4,27.8,40.2,21.0,6.7,3.7,13.9,22.9,22
2005,NYK,97.2,0.451,0.355,0.766,11.7,29.1,40.9,20.3,7.6,3.1,13.8,23.6,40.2
2005,OKC,98.9,0.443,0.365,0.789,12.6,28.1,40.8,18.1,6.7,4.1,12.6,23.7,63.4
2005,ORL,99.5,0.454,0.349,0.758,12.6,31.0,43.6,19.3,7.7,5.3,15.6,23.6,43.9
2005,PHI,99.1,0.437,0.347,0.788,11.0,30.9,42.0,20.8,9.2,3.9,15.1,22.9,52.4
2005,PHX,110.,0.477,0.392,0.748,11.7,32.3,44.1,23.5,6.9,5.5,13.4,19.0,75.6
2005,POR,92.9,0.450,0.361,0.724,11.8,29.3,41.1,21,7.1,6.6,15.1,20.7,32.9
2005,SAC,103.,0.459,0.373,0.786,12.4,29.9,42.4,24.4,8.2,3.8,12.6,20.5,61
2005,SAS,96.1,0.453,0.363,0.724,12.0,30.3,42.3,21.5,7.4,6.6,13.0,20.9,72
2005,TOR,99.7,0.443,0.385,0.773,10.2,29.8,40.0,20.3,7.5,3.8,12.6,22.8,40.2
2005,UTA,92.9,0.448,0.328,0.756,12.7,27.3,40.1,22.2,6.5,4.5,14.9,26.6,31.7
2005,WAS,100.,0.436,0.343,0.724,13.8,28.9,42.7,19.0,8.7,4.2,13.8,22.0,54.9
2006,ATL,97.2,0.453,0.367,0.750,13.0,27.2,40.2,19.8,7.1,4.8,15.0,25.0,31.7
2006,BKN,93.7,0.439,0.329,0.758,10.0,30.9,40.9,22.9,6.8,3.3,12.9,23.2,59.8
2006,BOS,97.9,0.466,0.362,0.754,9.91,29.6,39.5,20.9,7.0,5.1,15.8,24.7,40.2
2006,CHA,96.8,0.432,0.339,0.728,12.0,27.6,39.7,20.9,10.,4.3,13.5,23.9,31.7
2006,CHI,97.8,0.445,0.379,0.738,11.0,31.7,42.7,22,6.1,4.2,14.5,24.8,50
2006,CLE,97.5,0.453,0.339,0.728,11.6,30.6,42.3,19.0,6.9,4.7,13.4,21.1,61
2006,DAL,99.1,0.462,0.373,0.782,12.5,29.6,42.2,17.9,7.2,5.9,12.8,22.3,73.2
2006,DEN,100.,0.461,0.325,0.744,11.0,30.3,41.3,23.4,8.5,5.6,14.3,22.7,53.7
2006,DET,96.8,0.454,0.383,0.727,11.8,28.6,40.5,24.0,7.0,5.9,10.7,18.4,78
2006,GSW,98.4,0.433,0.341,0.718,11.9,30.3,42.2,20.6,7.3,4.3,13.6,23.6,41.5
2006,HOU,90.0,0.433,0.331,0.758,10.3,31.2,41.6,19.2,7.1,3.9,13.6,22.7,41.5
2006,IND,93.8,0.444,0.348,0.737,10.9,31.2,42.1,19.8,7.2,4.9,14.6,22.2,50
2006,LAC,97.1,0.464,0.344,0.790,10.0,32.9,43.0,20.8,6.5,6.1,13.7,22.8,57.3
2006,LAL,99.4,0.452,0.348,0.744,11.8,30.3,42.1,21.1,7.6,4.2,13.3,23.0,54.9
2006,MEM,92.1,0.448,0.373,0.710,10.1,29.0,39.1,19.3,7.3,5.3,12.8,21.4,59.8
2006,MIA,99.8,0.478,0.344,0.699,10.4,32.6,43.0,20.6,6.3,5.3,13.8,22.8,63.4
2006,MIL,97.8,0.453,0.379,0.738,11.3,29.8,41.1,21.5,7.2,3.2,14.0,23.1,48.8
2006,MIN,91.7,0.455,0.329,0.757,9.89,29.5,39.4,20.9,6.8,5.7,13.7,23.0,40.2
2006,NOP,92.8,0.440,0.338,0.757,11.1,29.0,40.2,18.5,7.4,3.7,12.5,21.7,46.3
2006,NYK,95.6,0.454,0.361,0.725,12.6,28.7,41.3,17.9,6.7,3.3,17.0,26.3,28
2006,OKC,102.,0.458,0.370,0.785,12.3,27.2,39.5,20.6,7.5,3.7,14.0,23.5,42.7
2006,ORL,94.9,0.472,0.375,0.730,10.8,29.2,40.1,18.2,6.4,4.4,14.4,23.2,43.9
2006,PHI,99.3,0.458,0.363,0.759,10.6,29.5,40.2,20.1,7.9,4.9,13.5,20.8,46.3
2006,PHX,108.,0.478,0.399,0.806,9.48,32.3,41.8,26.5,6.6,5.0,12.7,20.5,65.9
2006,POR,88.8,0.445,0.349,0.688,10.8,26.8,37.6,18.1,6.4,5.3,13.6,22.2,25.6
2006,SAC,98.8,0.454,0.350,0.784,10.3,30.1,40.5,22.2,7.4,3.6,13.9,20.3,53.7
2006,SAS,94.4,0.473,0.383,0.701,10.2,30.7,41.0,20.6,6.4,5.6,13.0,20.6,76.8
2006,TOR,101.,0.453,0.375,0.791,10.5,27.9,38.4,19.4,6.4,3.3,12.4,23.9,32.9
2006,UTA,92.3,0.442,0.336,0.719,13.0,29.0,42.0,21.6,6.3,6,14.7,24.7,50
2006,WAS,101.,0.446,0.356,0.756,12.6,28.5,41.2,18.5,8.0,4.1,13.4,22.6,51.2
2007,ATL,93.6,0.444,0.328,0.761,11.9,28.1,40.0,19.1,7.4,5.4,15.1,24.0,36.6
2007,BKN,97.5,0.456,0.363,0.727,10.0,30.7,40.8,23.9,6.0,3.3,14.1,22.7,50
2007,BOS,95.8,0.442,0.367,0.766,11.1,29.1,40.3,19.8,7.1,4.6,15.6,24.0,29.3
2007,CHA,96.8,0.445,0.357,0.734,11.2,28.6,39.8,22.3,7.7,4.5,14.3,24.2,40.2
2007,CHI,98.7,0.457,0.388,0.733,12,31.6,43.6,22.3,7.7,5.4,15.4,23.2,59.8
2007,CLE,96.7,0.447,0.351,0.695,12.6,30.8,43.5,20.8,7.6,4.3,13.7,21.7,61
2007,DAL,100.,0.467,0.381,0.804,11.2,30.6,41.8,19.9,6.8,4.9,13.1,22.4,81.7
2007,DEN,105.,0.464,0.336,0.746,12.2,31.1,43.4,23.4,8.2,5.3,16.1,21.4,54.9
2007,DET,96,0.453,0.344,0.774,11.5,28.9,40.5,21.5,7.1,5.7,11.7,20.3,64.6
2007,GSW,106.,0.462,0.355,0.716,11.4,29.9,41.4,23.7,9.1,5.6,15.6,23.5,51.2
2007,HOU,96.9,0.445,0.372,0.753,10.7,32.5,43.3,20.7,7.1,4.1,13.5,20.8,63.4
2007,IND,95.6,0.437,0.346,0.76,12.0,29.7,41.8,20.4,7.3,5.4,15.8,23.3,42.7
2007,LAC,95.6,0.455,0.347,0.787,10.8,30.2,41.1,21.4,7.2,5.7,14.4,22.6,48.8
2007,LAL,103.,0.465,0.352,0.747,10.8,30.4,41.2,22.5,7.3,5.1,15.0,23.0,51.2
2007,MEM,101.,0.464,0.367,0.761,10.5,28.9,39.5,20.4,6.8,4.9,15.7,22.2,26.8
2007,MIA,94.6,0.464,0.343,0.689,9.96,30.8,40.7,20.5,6.9,5.3,13.9,21.3,53.7
2007,MIL,99.6,0.464,0.355,0.732,11.4,27.7,39.1,21.5,7.1,2.7,14.5,22.2,34.1
2007,MIN,96.0,0.460,0.352,0.792,9.98,30.1,40.1,22.5,6.4,3.9,15.0,21.4,39
2007,NOP,95.5,0.445,0.362,0.739,12.5,30.6,43.1,18.7,6.3,4.2,13.6,19.7,47.6
2007,NYK,97.4,0.456,0.345,0.715,12.5,30.6,43.2,18.6,6.6,3.1,16.2,23.5,40.2
2007,OKC,99.1,0.459,0.361,0.790,11.3,28.3,39.6,20.6,7.6,3.6,14.5,21.9,37.8
2007,ORL,94.7,0.472,0.355,0.701,11.2,29.4,40.7,18.5,6.8,5.0,16.2,23.2,48.8
2007,PHI,94.9,0.457,0.345,0.766,10.9,28.6,39.6,20.3,7.1,4.7,14.7,20.3,42.7
2007,PHX,110.,0.494,0.399,0.807,8.98,31.5,40.4,25.8,6.7,4.8,13.9,20.2,74.4
2007,POR,94.1,0.449,0.345,0.769,11.2,28.0,39.2,18.4,6.7,4.6,14.3,23.5,39
2007,SAC,101.,0.450,0.350,0.764,9.71,29.2,38.9,20.3,8.1,3.2,14.0,21.8,40.2
2007,SAS,97.3,0.473,0.381,0.751,9.19,31.0,40.2,21.8,7.0,5.0,13.1,19.1,70.7
2007,TOR,99.4,0.463,0.362,0.788,9.20,30.2,39.4,22.2,7.0,3.9,12.9,20.3,57.3
2007,UTA,101.,0.474,0.335,0.743,12.5,29.9,42.5,24.6,7.0,4.1,15.0,25.2,62.2
2007,WAS,104.,0.450,0.347,0.764,12.1,29.0,41.1,20.2,7.7,4.5,13.2,22.2,50
2008,ATL,98.2,0.454,0.356,0.772,12.2,29.9,42.2,22,7.3,5.4,14.2,20.4,45.1
2008,BKN,95.8,0.442,0.348,0.736,11.1,30.7,41.8,23.4,6.3,4.7,14.3,22.6,40.2
2008,BOS,100.,0.475,0.381,0.770,10.1,31.8,42.0,22.3,8.4,4.6,14.4,22.7,80.5
2008,CHA,97.0,0.451,0.366,0.713,10.8,29.7,40.6,21.3,7.4,4.9,13.8,21.6,39
2008,CHI,97.3,0.435,0.363,0.755,12.8,30.2,43.0,22.0,7.7,5.2,14.0,21.7,40.2
2008,CLE,96.3,0.438,0.357,0.716,13.3,31.2,44.5,20,7.0,5.2,13.1,20.8,54.9
2008,DAL,100.,0.464,0.352,0.814,10.7,32.2,43,20.9,5.9,4.9,12.0,21.7,62.2
2008,DEN,110.,0.469,0.354,0.750,11.1,32.9,44.0,24.6,9.1,6.7,14.4,21.1,61
2008,DET,97.4,0.457,0.366,0.766,11.8,29.5,41.4,22.3,7.1,5.7,11.0,20.5,72
2008,GSW,111.,0.459,0.348,0.752,12.7,30.4,43.1,22.3,9.0,4.5,12.9,22.8,58.5
2008,HOU,96.7,0.448,0.341,0.726,12.2,32.4,44.6,21.4,7.2,5.1,13.0,19.6,67.1
2008,IND,103.,0.443,0.373,0.767,11.0,32.1,43.1,22.7,7.5,5.0,14.7,23.4,43.9
2008,LAC,93.8,0.437,0.324,0.781,9.75,30.3,40.1,21.1,6.7,4.8,13.7,21.2,28
2008,LAL,108.,0.476,0.378,0.769,10.9,33.1,44.1,24.4,7.9,5.3,13.6,20.6,69.5
2008,MEM,100.,0.454,0.348,0.723,10.3,31.3,41.6,19.1,6.1,4.7,14.7,19.4,26.8
2008,MIA,91.3,0.443,0.357,0.727,9.06,28.5,37.6,20.0,7.1,4.3,14.0,20.3,18.3
2008,MIL,97.0,0.448,0.344,0.733,12.8,28.8,41.6,21.4,6.6,4.4,14.2,21.3,31.7
2008,MIN,95.5,0.451,0.350,0.735,11.7,29.6,41.3,19.8,7.5,3.7,13.9,22.9,26.8
2008,NOP,100.,0.465,0.388,0.768,11.4,30.4,41.8,21.7,7.7,3.9,11.2,18.6,68.3
2008,NYK,96.9,0.439,0.337,0.727,12.5,29.9,42.5,18.6,6.3,2.5,13.8,21.4,28
2008,OKC,97.5,0.444,0.333,0.769,11.8,32.7,44.6,21.3,6.4,4.8,15.2,20.4,24.4
2008,ORL,104.,0.474,0.386,0.721,9.36,32.6,42.0,20.8,6.3,4.0,13.8,20.5,63.4
2008,PHI,96.6,0.459,0.317,0.706,13.0,28.9,41.9,20.4,8.6,4.8,13.5,19.7,48.8
2008,PHX,110.,0.500,0.393,0.783,8.78,32.7,41.5,26.6,6.4,6.3,13.8,19.9,67.1
2008,POR,95.3,0.448,0.377,0.766,10.9,29.7,40.7,21.1,5.5,4.3,12.1,20.0,50
2008,SAC,102.,0.464,0.373,0.797,10.1,29.9,40.0,19.1,7.9,4.0,15.3,22.4,46.3
2008,SAS,94.0,0.455,0.367,0.761,9.34,31.4,40.7,20.6,6.2,4.0,11.8,18.5,68.3
2008,TOR,100.,0.468,0.392,0.812,9.63,30.4,40.0,23.8,6.9,4.0,11.1,19.4,50
2008,UTA,106.,0.497,0.371,0.759,11.4,29.3,40.8,26.4,8.7,4.3,14.2,24.0,65.9
2008,WAS,98.8,0.446,0.356,0.782,12.2,29.3,41.5,19.5,7.7,4.7,12.5,19.5,52.4
2009,ATL,98.1,0.458,0.365,0.737,10.6,29.4,40.0,20.2,7.3,4.5,12.1,19.6,57.3
2009,BKN,98.0,0.447,0.375,0.778,10.3,29.4,39.8,19.9,6.8,4.7,12.3,22.4,41.5
2009,BOS,100.,0.485,0.397,0.764,10.5,31.5,42.1,22.7,7.5,4.7,15,23.1,75.6
2009,CHA,93.6,0.454,0.365,0.740,10.8,28.8,39.6,21.2,7.0,4.8,14.8,21.3,42.7
2009,CHI,102.,0.456,0.381,0.795,11.8,30.2,42.0,21.1,7.5,5.5,13.8,20.8,50
2009,CLE,100.,0.468,0.392,0.756,10.8,31.3,42.1,20.2,7.2,5.3,11.9,20.2,80.5
2009,DAL,101.,0.462,0.349,0.818,11.0,31.6,42.7,21.6,7.2,5.2,12.2,19.5,61
2009,DEN,104.,0.469,0.371,0.760,11.0,30.5,41.6,22.1,8.6,6,14.9,22.8,65.9
2009,DET,94.2,0.454,0.349,0.750,11.5,29.8,41.4,20.5,6.0,4.5,11.2,20.8,47.6
2009,GSW,108.,0.457,0.372,0.791,11.6,30.3,42.0,20.8,7.7,6.4,14.2,22.4,35.4
2009,HOU,98.4,0.453,0.375,0.804,10.5,32.4,42.9,20.2,6.6,4.3,13.3,18.9,64.6
2009,IND,105.,0.454,0.377,0.806,11.2,32.4,43.7,21.6,6.9,5.2,13.9,23.1,43.9
2009,LAC,95.1,0.441,0.353,0.736,10.8,28.9,39.8,21.0,6.9,5.8,14.2,20.1,23.2
2009,LAL,106.,0.473,0.360,0.770,12.3,31.5,43.9,23.2,8.7,5.1,13.1,20.7,79.3
2009,MEM,93.8,0.453,0.359,0.755,10.3,28.5,38.8,17.3,7.5,4.6,14.1,21.6,29.3
2009,MIA,98.3,0.456,0.356,0.754,10.0,29.4,39.5,20.3,7.9,5.5,11.9,20.6,52.4
2009,MIL,99.2,0.445,0.362,0.780,11.8,28.8,40.7,21.9,7.4,3.7,13.6,24.2,41.5
2009,MIN,97.7,0.441,0.352,0.768,11.8,29.7,41.6,20.4,6.2,3.9,13.4,21.7,29.3
2009,NOP,95.8,0.457,0.364,0.806,9.78,29.9,39.6,19.6,7.2,4.1,11.7,20.3,59.8
2009,NYK,105.,0.445,0.360,0.784,11.1,31.0,42.1,21.1,7.4,2.4,13.9,20.3,39
2009,OKC,96.9,0.446,0.345,0.785,12.1,30.4,42.6,20.2,7.4,4.5,15.5,20.1,28
2009,ORL,101.,0.456,0.380,0.715,9.98,33.2,43.2,19.4,6.9,5.3,13.5,20.2,72
2009,PHI,97.4,0.458,0.318,0.745,12.6,28.4,41.1,20.0,8.0,5.0,13.5,20.1,50
2009,PHX,109.,0.503,0.382,0.744,10.9,30.7,41.7,23.2,7.1,5.1,15.4,20.6,56.1
2009,POR,99.4,0.464,0.383,0.765,12.9,28.7,41.7,20.3,6.7,4.9,12.1,20.3,65.9
2009,SAC,100.,0.447,0.367,0.798,10.2,28.8,39.0,19.7,6.9,4.2,14.7,23.2,20.7
2009,SAS,95.7,0.465,0.386,0.761,8.76,31.7,40.4,20.9,5.7,3.9,10.9,18.5,65.9
2009,TOR,99.0,0.457,0.371,0.824,9.78,30.6,40.4,22.3,6.3,4.7,12.8,19.4,40.2
2009,UTA,103.,0.474,0.349,0.771,11.4,29.5,41.0,24.6,8.7,4.5,14.2,22.3,58.5
2009,WAS,96.0,0.449,0.329,0.766,11.6,28.4,40.0,20.0,7.5,4.4,13.5,20.4,23.2
2010,ATL,101.,0.467,0.360,0.758,11.8,29.8,41.7,21.8,7.2,5.0,11.4,19.9,64.6
2010,BKN,92.3,0.429,0.318,0.780,10.9,28.7,39.6,18.7,6.9,4.7,13.5,20.0,14.6
2010,BOS,99.2,0.482,0.348,0.745,8.73,29.8,38.5,23.5,8.5,4.9,14.0,22.1,61
2010,CHA,95.2,0.453,0.345,0.750,10.4,30.3,40.8,20.2,7.7,5.4,14.8,19.4,53.7
2010,CHI,97.4,0.451,0.330,0.753,11.4,33.1,44.5,20.7,6.4,5.8,13.6,20.0,50
2010,CLE,102.,0.485,0.380,0.719,9.64,32.8,42.4,22.3,6.8,5.1,13.0,19.4,74.4
2010,DAL,102,0.464,0.372,0.816,10.1,31.5,41.7,23.3,7.6,5.4,12.3,19.0,67.1
2010,DEN,106.,0.467,0.358,0.772,10.8,30.5,41.3,20.9,8.3,5.0,13.5,22.4,64.6
2010,DET,94.0,0.445,0.314,0.728,12.8,27.3,40.1,19.4,7.2,3.8,12.6,22.2,32.9
2010,GSW,108.,0.469,0.375,0.782,9.18,29.2,38.4,22.4,9.2,4.1,14.2,23,31.7
2010,HOU,102.,0.446,0.351,0.772,11.8,30.1,41.9,21.8,7.1,3.8,13.8,20.8,51.2
2010,IND,100.,0.442,0.347,0.774,9.57,31.9,41.5,21.0,7.1,5.3,14.2,22.5,39
2010,LAC,95.7,0.454,0.331,0.729,11.3,30.5,41.8,22.0,6.4,5.6,14.9,19.2,35.4
2010,LAL,101.,0.457,0.340,0.765,11.8,32.4,44.3,21.0,7.4,4.8,13,19.4,69.5
2010,MEM,102.,0.468,0.337,0.732,13.0,30.4,43.4,18.8,7.8,4.8,14.4,20.1,48.8
2010,MIA,96.5,0.457,0.346,0.751,10.6,31.1,41.8,18.8,7.3,5.5,12.3,20.8,57.3
2010,MIL,97.6,0.435,0.355,0.754,11.7,31.2,42.9,21.2,7.0,4.6,12.6,22.2,56.1
2010,MIN,98.1,0.448,0.341,0.745,11.7,31.1,42.9,19.8,7.2,3.7,15.6,20.7,18.5
2010,NOP,100.,0.464,0.363,0.778,10.3,29.8,40.2,22.2,7.6,3.6,12.7,19.5,45.1
2010,NYK,102.,0.454,0.346,0.782,10.1,30.2,40.4,21.6,7.1,3.7,13.4,19.9,35.4
2010,OKC,101.,0.462,0.340,0.804,11.7,31.7,43.5,19.9,7.9,5.8,14.1,21.2,61
2010,ORL,102.,0.469,0.375,0.723,9.87,33.3,43.2,19.6,6.2,5.5,13.6,19.8,72
2010,PHI,97.7,0.460,0.343,0.755,11.4,29.5,41,21.0,8.1,5.3,13.8,20.4,32.9
2010,PHX,110.,0.491,0.412,0.770,11.0,31.9,43,23.3,5.8,5.0,14.1,20.8,65.9
2010,POR,98.1,0.460,0.353,0.789,11.1,29.0,40.1,20.4,6.3,4.2,11.5,20.9,61
2010,SAC,100,0.455,0.348,0.726,11.9,30.7,42.6,20.4,6.8,4.4,14.2,22.2,30.5
2010,SAS,100.,0.473,0.361,0.741,10.6,31.4,42.1,22.0,6.1,4.6,12.8,20.1,61
2010,TOR,104.,0.482,0.370,0.763,9.82,30.5,40.4,22,5.7,4.6,12.8,22.1,48.8
2010,UTA,104.,0.490,0.363,0.740,10.6,31.5,42.1,26.6,8.2,4.8,14.5,22.6,64.6
2010,WAS,96.2,0.448,0.352,0.762,11.7,29.9,41.7,18.9,6.0,5.1,14.1,21.3,31.7
2011,ATL,95,0.462,0.351,0.778,9.29,30,39.2,21.9,6.0,4.1,12.7,18.9,53.7
2011,BKN,94.1,0.439,0.343,0.758,11.0,29.7,40.8,21.0,5.5,4.6,13.0,22.0,29.3
2011,BOS,96.5,0.486,0.364,0.769,7.79,31,38.7,23.4,8.2,4.1,13.5,20.4,68.3
2011,CHA,93.2,0.451,0.326,0.755,10.3,29.8,40.1,21.0,6.3,5.2,13.6,19.9,41.5
2011,CHI,98.6,0.461,0.361,0.743,11.7,32.3,44.1,22.2,7.2,5.7,13.4,19.9,75.6
2011,CLE,95.4,0.434,0.341,0.745,10.4,29.8,40.3,20.9,6.6,4.1,13.7,20.0,23.2
2011,DAL,100.,0.474,0.364,0.776,9.51,31.9,41.4,23.8,6.7,4.2,13.5,19.2,69.5
2011,DEN,107.,0.475,0.388,0.765,9.64,32.3,41.9,22.1,7.3,4.2,13.7,20.9,61
2011,DET,96.9,0.459,0.375,0.737,11.3,27.2,38.6,21.0,7.2,4,12.2,19.8,36.6
2011,GSW,103.,0.461,0.391,0.761,11.6,28.9,40.5,22.5,8.9,4.9,14.1,22.0,43.9
2011,HOU,105.,0.454,0.367,0.800,11.7,31.0,42.8,23.8,7.0,4.5,12.7,20.0,52.4
2011,IND,99.7,0.442,0.353,0.782,11.1,32.4,43.5,19.6,7.1,5.5,14.7,21.7,45.1
2011,LAC,98.6,0.457,0.337,0.706,11.6,30.5,42.1,22.1,7.1,4.9,15.5,21.1,39
2011,LAL,101.,0.462,0.352,0.778,12.0,31.9,43.9,21.9,7.3,5.1,12.5,18.9,69.5
2011,MEM,99.9,0.470,0.333,0.750,11.8,29.1,40.9,20.6,9.4,5.3,13.4,20.7,56.1
2011,MIA,102.,0.481,0.369,0.769,9.63,32.5,42.1,19.9,6.6,5.2,13.2,20.4,70.7
2011,MIL,91.8,0.430,0.341,0.756,10.5,30.2,40.7,18.8,7.5,4.8,12.5,20.5,42.7
2011,MIN,101.,0.440,0.376,0.768,13.2,31.1,44.4,20.1,7.2,5.1,16.5,22.2,20.7
2011,NOP,94.9,0.458,0.360,0.765,10.0,30.0,40.1,20.6,7.6,4.3,12.2,20.9,56.1
2011,NYK,106.,0.457,0.367,0.809,10.3,30.1,40.4,21.4,7.6,5.7,13.3,21.2,51.2
2011,OKC,104.,0.463,0.347,0.823,11.0,31.7,42.7,20.3,7.9,5.9,13.4,22.3,67.1
2011,ORL,99.2,0.461,0.366,0.691,10.5,32.6,43.2,19.9,6.6,4.6,14.3,20,63.4
2011,PHI,99.0,0.461,0.354,0.770,10.3,31.4,41.8,22.6,7.5,4.3,12.2,19.4,50
2011,PHX,105.,0.470,0.377,0.759,10.0,30.2,40.2,23.7,6.6,4.3,13.6,20.3,48.8
2011,POR,96.2,0.447,0.344,0.804,12.1,27.1,39.3,21.1,8.0,4.3,12.4,19.3,58.5
2011,SAC,99.4,0.449,0.335,0.734,13.0,30.8,43.8,20.4,7.4,4.7,15.6,22.0,29.3
2011,SAS,102.,0.475,0.398,0.766,9.96,31.2,41.2,22.1,7.3,4.4,12.7,18.6,74.4
2011,TOR,99.0,0.465,0.316,0.754,11.7,28.5,40.3,21.8,7.0,4.2,14.0,22.0,26.8
2011,UTA,99.4,0.464,0.346,0.771,10.9,28.5,39.4,23.4,7.6,5.9,13.5,22.7,47.6
2011,WAS,97.2,0.442,0.331,0.744,12.3,28.9,41.3,19.4,8.1,6.1,14.7,22.5,28
2012,ATL,96.5,0.454,0.369,0.740,9.87,31.3,41.1,22.4,8.1,4.5,13.2,17.8,60.6
2012,BKN,93.0,0.425,0.342,0.776,11.8,28.4,40.3,19.8,7.4,3.9,14.2,19.2,33.3
2012,BOS,91.8,0.460,0.367,0.777,7.71,31.0,38.7,23.5,7.5,5.4,14.0,19.9,59.1
2012,CHA,86.9,0.414,0.294,0.745,10.2,28.6,38.9,20.0,6.0,5.4,13.6,18.9,10.6
2012,CHI,96.3,0.451,0.375,0.721,13.8,32.8,46.6,23.1,6.9,5.8,13.4,17.2,75.8
2012,CLE,93.0,0.421,0.345,0.716,12.7,29.5,42.2,19.8,7.0,3.9,14.6,19.9,31.8
2012,DAL,95.7,0.443,0.339,0.771,10.0,32.6,42.7,20.9,8.5,5.1,13.5,18.5,54.5
2012,DEN,104.,0.475,0.331,0.734,11.1,31.8,43.0,23.9,8.1,5,14.9,19.6,57.6
2012,DET,90.8,0.437,0.346,0.751,11.7,28.5,40.2,18.6,6.9,4.2,14.6,19.5,37.9
2012,GSW,97.7,0.457,0.387,0.770,9.69,29.5,39.1,22.2,8,5.4,13.4,21.3,34.8
2012,HOU,98.0,0.449,0.359,0.782,11.6,30.5,42.1,21.2,7.5,4.8,13.8,20.4,51.5
2012,IND,97.7,0.437,0.368,0.782,12.5,31.3,43.8,18.6,7.9,5.4,13.2,21.6,63.6
2012,LAC,97.5,0.454,0.356,0.680,12.1,29.4,41.5,20.9,8.4,4.7,12.3,21.1,60.6
2012,LAL,97.3,0.456,0.325,0.756,12.1,34.1,46.2,22.5,5.9,5.3,14.5,16.8,62.1
2012,MEM,94.9,0.447,0.326,0.759,12.5,29.4,42.0,19.5,9.5,5.2,13.9,19.9,62.1
2012,MIA,98.4,0.469,0.359,0.774,10.3,31.2,41.6,19.9,8.8,5.3,14.7,19.4,69.7
2012,MIL,99.0,0.442,0.344,0.773,12.4,30.0,42.4,23.4,8.3,5.0,13.6,19.2,47
2012,MIN,97.9,0.433,0.332,0.770,12.0,31.6,43.7,19.5,6.6,4.4,14.6,18.3,39.4
2012,NOP,89.6,0.450,0.333,0.756,10.9,30.1,41.1,20.7,7.3,4.7,14.6,20.0,31.8
2012,NYK,97.8,0.443,0.336,0.741,11.2,30.4,41.7,20.1,9.4,4.1,15.2,21.0,54.5
2012,OKC,103.,0.470,0.358,0.806,11,32.6,43.6,18.5,7.5,8.1,15.9,20.4,71.2
2012,ORL,94.1,0.440,0.375,0.659,11.2,31.2,42.4,20.0,6.8,4.1,14.0,17.6,56.1
2012,PHI,93.6,0.447,0.362,0.742,10.6,32.4,43.1,22.0,7.9,5.1,10.7,17.5,53
2012,PHX,98.3,0.458,0.342,0.757,10.8,30.8,41.6,22.5,6.5,5.5,13.5,18.6,50
2012,POR,97.1,0.443,0.345,0.796,11.1,29.5,40.6,20.4,8,4.8,13.8,18.9,42.4
2012,SAC,98.7,0.435,0.315,0.735,13.3,29.5,42.8,19.2,8.5,4.8,13.8,19.5,33.3
2012,SAS,103.,0.477,0.392,0.747,10.3,32.6,42.9,23.1,7.4,4.4,13.1,17.3,75.8
2012,TOR,90.6,0.440,0.339,0.769,10.5,31.4,41.9,20.9,6.5,4.8,14.5,23.2,34.8
2012,UTA,99.6,0.456,0.323,0.754,13.0,31.1,44.1,21.8,8.2,5.8,13.5,21.8,54.5
2012,WAS,93.6,0.440,0.32,0.727,11.7,29.9,41.6,19.1,7.9,6.3,14.5,21.2,30.3
2013,ATL,97.9,0.464,0.371,0.715,9.24,31.6,40.8,24.4,8.0,4.5,14.2,17.9,53.7
2013,BKN,96.8,0.449,0.356,0.731,12.7,30,42.7,20.3,7.3,4.7,13.9,18.2,59.8
2013,BOS,96.5,0.464,0.357,0.775,8.10,31.2,39.3,22.8,8.2,4.4,14.0,21.2,50.6
2013,CHA,93.4,0.424,0.335,0.750,11.1,29.1,40.3,19.3,7.2,5.8,13.0,19.0,25.6
2013,CHI,93.1,0.436,0.352,0.772,12.5,30.6,43.1,23,7.1,5.0,13.6,19.7,54.9
2013,CLE,96.5,0.433,0.345,0.755,12.2,28.7,41.0,20.6,7.8,4.0,13.4,21.1,29.3
2013,DAL,101.,0.461,0.372,0.792,9.35,32.5,41.9,23.2,7.9,5.5,13.5,20.7,50
2013,DEN,106.,0.478,0.343,0.700,13.3,31.7,45.0,24.4,9.2,6.5,14.6,20.5,69.5
2013,DET,94.8,0.448,0.356,0.698,12.0,30.0,42.1,21.2,7,4.8,14.5,19.7,35.4
2013,GSW,101.,0.457,0.403,0.790,10.7,34.1,44.9,22.5,6.9,4.2,14.7,21.3,57.3
2013,HOU,105.,0.460,0.365,0.753,11.0,32.3,43.4,23.1,8.2,4.3,15.8,20.2,54.9
2013,IND,94.7,0.435,0.347,0.745,12.9,33.0,45.9,20.2,7.1,6.2,14.5,19.9,60.5
2013,LAC,101.,0.478,0.357,0.710,11.4,30.1,41.6,23.8,9.5,5.6,13.8,20.9,68.3
2013,LAL,102.,0.457,0.354,0.692,11.4,33.3,44.8,22.1,7.0,5.2,14.6,17.8,54.9
2013,MEM,93.4,0.443,0.345,0.772,12.9,29.8,42.7,20.9,8.5,5.3,13.1,20.2,68.3
2013,MIA,102.,0.495,0.396,0.754,8.24,30.3,38.6,23.0,8.6,5.3,13.2,18.6,80.5
2013,MIL,98.8,0.434,0.359,0.735,13.0,30.9,43.9,22.8,8.3,6.7,13.6,18.9,46.3
2013,MIN,95.7,0.439,0.305,0.741,11.8,30.1,42.0,22.3,8.5,4.7,14.1,18.4,37.8
2013,NOP,94.0,0.448,0.362,0.775,12.0,29.5,41.6,20.9,6.3,5.3,13.6,20.4,32.9
2013,NYK,99.9,0.447,0.375,0.759,10.8,29.7,40.5,19.2,8.1,3.5,11.5,20.1,65.9
2013,OKC,105.,0.480,0.376,0.828,10.4,33.2,43.6,21.3,8.2,7.6,14.6,20.1,73.2
2013,ORL,94.1,0.448,0.329,0.754,10.8,31.8,42.7,22.8,6.4,4.3,13.9,19.4,24.4
2013,PHI,93.1,0.443,0.360,0.729,10.9,30.4,41.3,22.7,7.4,4.6,12.5,18.3,41.5
2013,PHX,95.1,0.442,0.329,0.743,11.6,29.9,41.6,22.6,8.0,5.2,14.9,20.5,30.5
2013,POR,97.5,0.448,0.353,0.776,10.6,30.1,40.8,21.7,6.5,4.3,14.2,18.5,40.2
2013,SAC,100.,0.446,0.362,0.768,11.5,29.0,40.5,20.8,8.1,4.1,14.0,20.9,34.1
2013,SAS,103.,0.480,0.375,0.791,8.12,33.1,41.3,25.0,8.4,5.4,14.1,17.4,70.7
2013,TOR,97.2,0.445,0.342,0.787,10.6,29.5,40.2,21.5,7.2,4.7,13.2,22.3,41.5
2013,UTA,98.0,0.453,0.366,0.764,12.0,29.9,42.0,22.6,8.4,6.2,14.1,21.3,52.4
2013,WAS,93.2,0.434,0.364,0.732,10.8,32.3,43.1,21.6,7.2,4.5,14.6,20.5,35.4
2014,ATL,101,0.457,0.362,0.781,8.69,31.2,39.9,24.8,8.2,3.9,14.5,19.2,46.3
2014,BKN,98.5,0.458,0.368,0.753,8.79,29.3,38.1,20.9,8.5,3.7,13.9,21.6,53.7
2014,BOS,96.2,0.435,0.332,0.776,11.9,30.5,42.5,21.0,7.1,4.1,14.4,21.2,30.5
2014,CHA,96.8,0.442,0.350,0.737,9.46,33.2,42.6,21.6,6.0,5.1,11.6,18.2,52.4
2014,CHI,93.6,0.432,0.348,0.778,11.4,32.7,44.1,22.6,7.2,5.1,14,19.0,58.5
2014,CLE,98.2,0.436,0.356,0.751,12.0,32.0,44.1,21.1,7.0,3.7,13.4,20,40.2
2014,DAL,104.,0.473,0.384,0.795,10.2,30.6,40.9,23.5,8.5,4.3,13.1,19.9,59.8
2014,DEN,104.,0.446,0.358,0.725,12.3,33.1,45.4,22.4,7.5,5.5,15.3,23.0,43.9
2014,DET,101.,0.446,0.320,0.670,14.5,30.7,45.3,20.9,8.3,4.8,13.9,20.3,35.4
2014,GSW,104.,0.461,0.379,0.752,10.9,34.3,45.3,23.3,7.8,4.9,14.9,21.7,62.2
2014,HOU,107.,0.472,0.357,0.711,11.2,34.1,45.3,21.4,7.5,5.6,15.4,20.4,65.9
2014,IND,96.7,0.448,0.356,0.778,10.1,34.5,44.6,20.1,6.7,5.4,14.4,20.4,68.3
2014,LAC,107.,0.474,0.352,0.730,10.4,32.5,43,24.5,8.5,4.8,13.3,21.5,69.5
2014,LAL,102.,0.449,0.380,0.757,9.08,31.9,41.0,24.4,7.4,5.4,14.7,19.8,32.9
2014,MEM,96.1,0.464,0.353,0.741,11.5,30.8,42.3,21.8,7.6,4.5,12.9,19.1,61
2014,MIA,102.,0.500,0.363,0.759,7.64,29.2,36.8,22.5,8.9,4.4,14.2,19.4,65.9
2014,MIL,95.4,0.438,0.352,0.747,11.8,29.2,41.0,21.4,6.5,4.9,14.2,20.8,18.3
2014,MIN,106.,0.444,0.341,0.777,12.4,32.2,44.7,23.9,8.7,3.6,13.4,18.3,48.8
2014,NOP,99.7,0.458,0.372,0.769,11.3,30.3,41.6,21.2,7.8,6.3,12.9,22.6,41.5
2014,NYK,98.5,0.449,0.372,0.761,10.6,29.7,40.3,20.0,7.6,4.4,12.4,22.1,45.1
2014,OKC,106.,0.470,0.361,0.805,10.8,33.9,44.7,21.8,8.2,6.1,14.8,22.6,72
2014,ORL,96.5,0.445,0.352,0.762,9.68,32.3,42.0,21.0,7.6,4.2,14.2,20.4,28
2014,PHI,99.4,0.434,0.312,0.710,11.5,31.1,42.7,21.8,9.3,4.0,16.4,22.4,23.2
2014,PHX,105.,0.463,0.372,0.758,11.3,31.7,43.0,19.0,8.3,4.5,14.8,21.9,58.5
2014,POR,106.,0.449,0.371,0.814,12.4,33.9,46.4,23.2,5.5,4.7,13.3,19.2,65.9
2014,SAC,100.,0.447,0.332,0.759,12.0,32.3,44.4,18.8,7.1,3.8,14.6,22.5,34.1
2014,SAS,104.,0.487,0.398,0.784,9.17,33.5,42.6,24.8,7.3,5.0,13.9,18,75.6
2014,TOR,101.,0.445,0.371,0.782,11.4,31.1,42.5,21.1,7.0,4.1,13.4,22.9,58.5
2014,UTA,95.0,0.443,0.344,0.746,11.0,30.2,41.2,20.2,6.9,4.4,13.9,20.7,30.5
2014,WAS,100.,0.459,0.379,0.730,10.8,31.3,42.1,23.2,8.1,4.5,14.0,20.4,53.7
2015,ATL,102.,0.465,0.380,0.777,8.71,31.8,40.5,25.7,9.0,4.6,13.4,17.7,73.2
2015,BKN,98.0,0.451,0.331,0.747,10.3,32.0,42.3,20.9,7.0,4.1,13.3,19.2,46.3
2015,BOS,101.,0.442,0.326,0.754,11.0,32.7,43.8,24.5,8.2,3.5,13.2,21.1,48.8
2015,CHA,94.1,0.420,0.318,0.748,10,34.0,44.0,20.1,6.0,5.4,11.1,18.2,40.2
2015,CHI,100.,0.441,0.353,0.782,11.6,34.0,45.7,21.7,6.2,5.8,13.1,18.2,61
2015,CLE,103.,0.458,0.366,0.751,11.1,31.8,42.9,22.1,7.3,4.1,13.6,18.4,64.6
2015,DAL,105.,0.462,0.351,0.752,10.4,31.8,42.2,22.5,8.0,4.5,12.5,20.0,61
2015,DEN,101.,0.432,0.324,0.734,12.3,32.3,44.6,21.8,7.8,4.4,13.8,22.9,36.6
2015,DET,98.5,0.432,0.344,0.702,12.8,32.0,44.8,21.5,7.5,4.6,12.6,19.0,39
2015,GSW,109.,0.477,0.398,0.768,10.4,34.3,44.7,27.4,9.2,6.0,14.0,19.8,81.7
2015,HOU,103.,0.443,0.348,0.714,11.6,32,43.6,22.1,9.4,4.9,15.9,21.9,68.3
2015,IND,97.3,0.439,0.351,0.755,10.4,34.4,44.8,21.4,6.1,4.5,13.3,21.2,46.3
2015,LAC,106.,0.472,0.375,0.710,9.56,33.0,42.6,24.7,7.8,4.9,11.7,21.3,68.3
2015,LAL,98.4,0.435,0.344,0.740,11.6,32.2,43.8,20.9,7.0,4.4,12.6,21.2,25.6
2015,MEM,98.3,0.457,0.339,0.773,10.4,32.1,42.5,21.6,8.5,4.2,12.9,19.1,67.1
2015,MIA,94.6,0.455,0.335,0.741,9.10,30.0,39.1,19.8,7.8,4.5,13.8,19.9,45.1
2015,MIL,97.8,0.458,0.363,0.756,10.6,31.3,42.0,23.5,9.6,4.9,15.9,22.1,50
2015,MIN,97.7,0.437,0.331,0.776,11.5,29.3,40.9,21.5,8.1,3.9,14.2,19.1,19.5
2015,NOP,99.3,0.457,0.370,0.751,11.4,31.9,43.4,22.0,6.7,6.2,12.5,18.6,54.9
2015,NYK,91.8,0.428,0.346,0.768,10.5,29.7,40.3,21.2,7.0,4.6,13.7,21.5,20.7
2015,OKC,103.,0.447,0.339,0.754,12.8,34.6,47.5,20.5,7.2,5.5,14.0,22.3,54.9
2015,ORL,95.6,0.452,0.346,0.729,10.0,31.7,41.8,20.6,7.8,3.8,14.3,20.9,30.5
2015,PHI,91.9,0.407,0.320,0.675,11.9,30.9,42.8,20.5,9.6,5.9,16.9,21.6,22
2015,PHX,102.,0.451,0.340,0.760,10.9,32.2,43.1,20.2,8.5,4.6,14.5,21.2,47.6
2015,POR,102.,0.450,0.361,0.800,10.7,35.1,45.8,21.9,6.4,4.5,13.2,18.2,62.2
2015,SAC,101.,0.454,0.341,0.762,10.9,33.2,44.1,20.3,6.7,3.9,15.6,20.6,35.4
2015,SAS,101.,0.466,0.366,0.780,9.78,33.4,43.1,23.9,7.9,5.3,13.2,18.8,67.1
2015,TOR,103.,0.455,0.352,0.786,10.7,30.8,41.5,20.7,7.5,4.3,12.1,20.8,59.8
2015,UTA,95.1,0.446,0.342,0.721,12.0,31.9,43.9,19.9,7.5,5.9,14.2,19.3,46.3
2015,WAS,98.5,0.462,0.359,0.742,10.5,34.1,44.6,24.0,7.3,4.6,14.3,20.8,56.1
2016,ATL,102.,0.457,0.350,0.782,8.28,33.8,42.0,25.6,9.1,5.9,14.5,19.1,58.5
2016,BKN,98.6,0.453,0.352,0.756,10.5,31.8,42.4,22.3,7.6,4.0,14.3,18,25.6
2016,BOS,105.,0.439,0.334,0.787,11.5,33.3,44.9,24.1,9.1,4.2,13.4,21.9,58.5
2016,CHA,103.,0.438,0.362,0.790,8.95,34.9,43.9,21.6,7.2,5.3,11.8,18.1,58.5
2016,CHI,101.,0.441,0.371,0.787,11.0,35.2,46.2,22.8,6.0,5.7,13.3,18.8,51.2
2016,CLE,104.,0.460,0.362,0.747,10.6,33.8,44.5,22.6,6.7,3.8,12.8,20.3,69.5
2016,DAL,102.,0.444,0.344,0.794,9.15,33.9,43.0,22.1,6.8,3.7,12.3,19.4,51.2
2016,DEN,101.,0.441,0.337,0.766,11.4,33.1,44.6,22.6,7.4,4.8,14.1,21.0,40.2
2016,DET,101.,0.438,0.344,0.667,12.4,33.8,46.3,19.4,6.9,3.7,12.9,18.9,53.7
2016,GSW,114.,0.487,0.415,0.763,9.95,36.2,46.1,28.9,8.4,6.0,14.8,20.7,89
2016,HOU,106.,0.451,0.346,0.694,11.3,31.7,43.0,22.2,10.,5.2,15.2,21.8,50
2016,IND,102.,0.449,0.350,0.763,10.3,33.8,44.2,21.2,9.0,4.7,14.3,20.0,54.9
2016,LAC,104.,0.464,0.363,0.692,8.79,33.2,42.0,22.8,8.6,5.6,12.3,21.2,64.6
2016,LAL,97.3,0.414,0.316,0.780,10.7,32.2,42.9,18.0,7.2,4.1,13.0,20.2,20.7
2016,MEM,99.0,0.440,0.331,0.782,11.1,30.4,41.6,20.6,8.8,4.2,12.6,21.7,51.2
2016,MIA,100.,0.470,0.336,0.744,9.84,34.2,44.1,20.8,6.7,6.4,13.2,18.3,58.5
2016,MIL,99.0,0.466,0.344,0.747,10.4,31.2,41.6,23.1,8.1,5.7,14.6,20.6,40.2
2016,MIN,102.,0.464,0.337,0.792,10.0,31.5,41.5,23.3,8,4.5,14.3,20.6,35.4
2016,NOP,102.,0.447,0.359,0.776,9.53,33.0,42.6,22.1,7.7,4.1,13.0,20.8,36.6
2016,NYK,98.3,0.438,0.346,0.804,10.3,34,44.3,20.5,5.6,5.6,12.6,19.7,39
2016,OKC,110.,0.476,0.348,0.781,13.0,35.5,48.6,22.9,7.3,5.9,15.4,20.6,67.1
2016,ORL,102.,0.455,0.349,0.757,10.2,33.0,43.3,23.5,8.2,5.0,13.5,20.7,42.7
2016,PHI,97.4,0.431,0.338,0.694,9.47,31.7,41.2,21.5,8.2,6.0,15.5,21.7,12.2
2016,PHX,100.,0.434,0.348,0.751,11.5,33.3,44.8,20.7,7.7,3.8,16.5,22.6,28
2016,POR,105.,0.449,0.369,0.753,11.5,33.9,45.4,21.3,6.8,4.6,14.0,21.7,53.7
2016,SAC,106.,0.463,0.358,0.724,10.5,33.6,44.2,24.5,8.9,4.4,15.5,20.4,40.2
2016,SAS,102.,0.484,0.377,0.803,9.29,34.1,43.4,24.2,8.1,5.8,12.3,17.2,81.7
2016,TOR,102.,0.450,0.369,0.777,10.1,33.2,43.4,18.7,7.7,5.4,12.1,19.6,68.3
2016,UTA,97.6,0.448,0.354,0.743,10.7,32.5,43.2,18.9,7.6,5.1,14.1,20.1,48.8
2016,WAS,104.,0.460,0.357,0.729,9.06,32.7,41.8,24.4,8.6,3.9,13.8,20.8,50
2017,ATL,103.,0.451,0.341,0.727,10.2,34.0,44.3,23.6,8.1,4.8,15.2,18.1,52.4
2017,BKN,105.,0.443,0.338,0.788,8.79,35.1,43.9,21.4,7.2,4.7,15.9,21.0,24.4
2017,BOS,108.,0.454,0.359,0.807,9.06,32.9,41.9,25.2,7.5,4.1,12.6,20.5,64.6
2017,CHA,104.,0.441,0.351,0.814,8.79,34.7,43.5,23.0,6.9,4.7,10.9,16.5,43.9
2017,CHI,102.,0.443,0.340,0.797,12.1,34.1,46.2,22.5,7.8,4.7,12.9,17.7,50
2017,CLE,110.,0.470,0.383,0.748,9.34,34.4,43.7,22.6,6.5,3.9,13.1,18.1,62.2
2017,DAL,97.9,0.439,0.355,0.801,7.89,30.6,38.5,20.7,7.4,3.7,11.2,19.1,40.2
2017,DEN,111.,0.469,0.367,0.773,11.7,34.5,46.3,25.3,6.9,3.9,14.4,19.1,48.8
2017,DET,101.,0.448,0.329,0.718,11.0,34.6,45.6,21.1,7,3.7,11.3,17.8,45.1
2017,GSW,115.,0.494,0.383,0.787,9.39,35.0,44.4,30.3,9.5,6.7,14.4,19.3,81.7
2017,HOU,115.,0.462,0.357,0.765,10.8,33.4,44.3,25.2,8.1,4.2,14.4,19.9,67.1
2017,IND,105.,0.464,0.376,0.810,9.04,32.9,42,22.4,8.1,4.9,13.2,19.4,51.2
2017,LAC,108.,0.475,0.374,0.745,9,34.0,43.0,22.5,7.4,4.2,12.4,19.8,62.2
2017,LAL,104.,0.450,0.345,0.753,11.3,32.1,43.5,20.9,8.2,3.9,14.5,20.7,31.7
2017,MEM,100.,0.435,0.353,0.784,10.8,31.9,42.7,21.2,7.9,4.1,12.4,22.4,52.4
2017,MIA,103.,0.455,0.365,0.705,10.6,32.9,43.6,21.2,7.1,5.7,12.5,20.4,50
2017,MIL,103.,0.473,0.369,0.768,8.81,31.5,40.3,24.1,8.1,5.3,13.3,20.2,51.2
2017,MIN,105.,0.467,0.348,0.798,11.4,30.9,42.4,23.6,7.9,4.5,13.4,20.0,37.8
2017,NOP,104.,0.450,0.349,0.749,8.57,35.1,43.6,22.7,7.7,5.5,12.3,18.1,41.5
2017,NYK,104.,0.447,0.348,0.787,11.9,33.2,45.1,21.7,7.0,5.5,13.1,20.3,37.8
2017,OKC,106.,0.451,0.327,0.745,12.2,34.4,46.6,20.9,7.9,4.9,14.6,20.9,57.3
2017,ORL,101.,0.440,0.327,0.746,9.84,33.3,43.1,22.1,7.0,4.8,12.8,19.3,35.4
2017,PHI,102.,0.441,0.340,0.771,9.84,33,42.8,23.7,8.4,5.1,15.9,21.8,34.1
2017,PHX,107.,0.450,0.331,0.776,11.9,33.0,44.9,19.5,8.2,4.8,14.9,24.7,29.3
2017,POR,107.,0.459,0.375,0.779,10.1,33.5,43.6,21.1,7,4.9,13.1,21.1,50
2017,SAC,102.,0.461,0.376,0.775,8.71,32.3,41.0,22.4,7.6,3.9,14.1,20.3,39
2017,SAS,104.,0.469,0.390,0.796,9.82,33.5,43.3,23.6,7.8,5.8,12.7,18.0,74.4
2017,TOR,106.,0.464,0.363,0.796,10.6,32.6,43.2,18.5,8.2,4.8,11.8,20.8,62.2
2017,UTA,100.,0.465,0.371,0.747,9.40,33.8,43.2,20.1,6.7,5,12.9,18.8,62.2
2017,WAS,109.,0.474,0.372,0.784,10.2,32.5,42.8,23.8,8.4,4.0,13.4,21.2,59.8
2018,ATL,103.,0.446,0.360,0.784,9.06,32.8,41.9,23.7,7.7,4.2,14.9,19.5,29.3
2018,BKN,106.,0.440,0.356,0.771,9.65,34.7,44.4,23.6,6.2,4.7,14.2,20.5,34.1
2018,BOS,104.,0.450,0.376,0.770,9.35,35.0,44.4,22.4,7.3,4.5,13.3,19.7,67.1
2018,CHA,108.,0.449,0.369,0.747,10.0,35.3,45.4,21.5,6.8,4.5,12.3,17.1,43.9
2018,CHI,102.,0.435,0.355,0.758,9.63,35.0,44.6,23.4,7.6,3.5,13.2,19.1,32.9
2018,CLE,110.,0.476,0.372,0.779,8.46,33.6,42.1,23.3,7.0,3.8,13.3,18.5,61
2018,DAL,102.,0.444,0.359,0.762,8.12,33.1,41.2,22.6,7.0,3.7,11.7,19.2,29.3
2018,DEN,110,0.470,0.370,0.767,11,33.5,44.5,25.1,7.6,4.9,14.3,18.6,56.1
2018,DET,103.,0.449,0.373,0.744,10.1,33.6,43.7,22.7,7.6,3.8,12.7,18.3,47.6
2018,GSW,113.,0.502,0.390,0.815,8.42,35.0,43.5,29.2,8,7.4,14.9,19.5,70.7
2018,HOU,112.,0.459,0.361,0.780,9.01,34.4,43.4,21.5,8.5,4.7,13.1,19.4,79.3
2018,IND,105.,0.472,0.368,0.778,9.60,32.7,42.3,22.1,8.7,4.1,12.7,18.8,58.5
2018,LAC,108.,0.471,0.353,0.742,10.1,33.7,43.8,22.3,7.6,4.5,14.0,19.9,51.2
2018,LAL,108.,0.460,0.344,0.714,10.6,35.6,46.3,23.7,7.7,4.7,15.3,21.1,42.7
2018,MEM,99.3,0.443,0.352,0.785,9.5,31.0,40.5,21.5,7.4,4.8,14.4,23.1,26.8
2018,MIA,103.,0.455,0.360,0.755,9.30,34.1,43.4,22.7,7.5,5.3,13.6,20.0,53.7
2018,MIL,106.,0.478,0.354,0.782,8.39,31.4,39.8,23.2,8.8,5.4,13.1,21.3,53.7
2018,MIN,109.,0.476,0.356,0.804,10.3,31.6,41.9,22.6,8.4,4.2,11.7,18.2,57.3
2018,NOP,111.,0.483,0.362,0.771,8.68,35.6,44.3,26.7,8.0,5.9,14.4,19.1,58.5
2018,NYK,104.,0.463,0.351,0.786,10.4,33.5,44.0,23.3,6.7,5.1,14.2,20.5,35.4
2018,OKC,107.,0.452,0.353,0.715,12.4,32.5,45.0,21.3,9.0,5.0,13.4,20.1,58.5
2018,ORL,103.,0.451,0.350,0.757,8.80,32.8,41.6,23.4,7.5,4.8,13.9,19.2,30.5
2018,PHI,109.,0.471,0.368,0.752,10.8,36.5,47.4,27.0,8.3,5.1,15.8,22.0,63.4
2018,PHX,103.,0.441,0.333,0.740,10.2,33.8,44.1,21.2,6.9,4.5,15.0,22.0,25.6
2018,POR,105.,0.451,0.366,0.8,10.1,35.2,45.4,19.5,6.9,5.1,13.0,19.5,59.8
2018,SAC,98.8,0.450,0.375,0.735,9.46,31.4,40.9,21.5,7.8,4.1,13.2,19.9,32.9
2018,SAS,101.,0.458,0.352,0.771,10.2,33.5,43.7,22.5,7.5,5.5,12.4,16.9,57.3
2018,TOR,111.,0.471,0.357,0.794,9.75,34.2,43.9,24.3,7.6,6.0,12.7,21.7,72
2018,UTA,104.,0.461,0.365,0.778,9.02,34.2,43.2,22.4,8.6,5.1,14.0,19.6,58.5
2018,WAS,106.,0.466,0.374,0.771,10.0,33.0,43.1,25.1,7.8,4.3,14.0,21.2,52.4
2019,ATL,113.,0.450,0.351,0.752,11.6,34.4,46.0,25.8,8.2,5.1,16.6,23.5,35.4
2019,BKN,112.,0.448,0.353,0.744,10.9,35.5,46.5,23.8,6.5,4.1,14.4,21.5,51.2
2019,BOS,112.,0.464,0.364,0.802,9.80,34.7,44.5,26.2,8.6,5.3,12.4,20.3,59.8
2019,CHA,110.,0.447,0.351,0.796,9.92,33.8,43.8,23.2,7.2,4.9,11.6,18.9,47.6
2019,CHI,104.,0.453,0.350,0.783,8.75,34.1,42.8,21.9,7.3,4.2,13.4,20.2,26.8
2019,CLE,104.,0.443,0.354,0.792,10.7,31.9,42.6,20.7,6.5,2.3,12.6,20.0,23.2
2019,DAL,108.,0.446,0.340,0.742,10.1,35.1,45.3,23.3,6.5,4.2,13.6,20.1,40.2
2019,DEN,110.,0.465,0.351,0.754,11.8,34.5,46.3,27.3,7.7,4.4,12.8,20.0,65.9
2019,DET,107.,0.440,0.347,0.747,11.4,33.5,44.9,22.5,6.9,4.0,12.9,22.0,50
2019,GSW,117.,0.490,0.384,0.800,9.71,36.4,46.1,29.4,7.6,6.4,13.7,21.4,69.5
2019,HOU,113.,0.449,0.355,0.790,10.1,31.8,42.0,21.2,8.5,4.9,12.6,21.9,64.6
2019,IND,108.,0.475,0.374,0.751,9.29,33.7,43.0,25.9,8.6,4.9,13.2,19.4,58.5
2019,LAC,115.,0.471,0.387,0.791,9.70,35.8,45.5,24.0,6.8,4.6,13.8,23.3,58.5
2019,LAL,111.,0.470,0.333,0.699,10.1,36.4,46.5,25.5,7.5,5.3,15.1,20.7,45.1
2019,MEM,103.,0.449,0.342,0.772,8.81,32.9,41.7,23.9,8.3,5.4,13.1,21.9,40.2
2019,MIA,105.,0.450,0.349,0.694,11.2,35.1,46.3,24.2,7.6,5.4,14.0,20.8,47.6
2019,MIL,118.,0.475,0.352,0.772,9.29,40.4,49.7,26.0,7.5,5.9,13.2,19.6,73.2
2019,MIN,112.,0.456,0.350,0.786,11.2,33.5,44.7,24.6,8.3,5.0,12.5,20.2,43.9
2019,NOP,115.,0.473,0.343,0.761,11.0,36.2,47.2,27.0,7.4,5.3,14.4,21.1,40.2
2019,NYK,104.,0.432,0.339,0.758,10.4,34.2,44.7,20.0,6.7,5.1,13.4,20.8,20.7
2019,OKC,114.,0.453,0.348,0.713,12.5,35.5,48.0,23.3,9.3,5.1,13.6,22.4,59.8
2019,ORL,107.,0.453,0.355,0.781,10.0,35.3,45.4,25.5,6.6,5.4,12.6,18.6,51.2
2019,PHI,115.,0.471,0.359,0.771,10.8,36.8,47.7,26.9,7.3,5.2,14.4,21.2,62.2
2019,PHX,107.,0.459,0.329,0.778,9.12,31.2,40.3,23.8,8.9,5.0,15.1,23.5,23.2
2019,POR,114.,0.467,0.358,0.814,11.7,36.1,47.9,23.0,6.6,5.0,13.3,20.3,64.6
2019,SAC,114.,0.463,0.377,0.726,11.0,34.3,45.4,25.4,8.2,4.4,12.9,21.3,47.6
2019,SAS,110.,0.478,0.392,0.818,9.13,34.9,44.0,24.2,6.0,4.6,11.6,17.9,58.5
2019,TOR,114.,0.473,0.366,0.803,9.58,35.6,45.1,25.4,8.2,5.3,13.3,21.0,70.7
2019,UTA,111.,0.467,0.356,0.736,10,36.3,46.3,26.0,8.0,5.8,14.7,21.0,61
2019,WAS,114.,0.467,0.340,0.768,9.68,32.6,42.3,26.2,8.3,4.6,13.6,20.7,39
2020,ATL,111.,0.448,0.333,0.789,9.86,33.3,43.2,23.9,7.8,5.0,15.7,23.1,29.9
2020,BKN,110.,0.443,0.340,0.743,10.8,37.6,48.4,24.0,6.4,4.5,14.7,20.6,46.9
2020,BOS,113,0.459,0.362,0.800,10.6,35.2,45.9,22.7,8.2,5.5,13,21.3,67.2
2020,CHA,102.,0.434,0.351,0.748,11,31.7,42.7,23.8,6.5,4.1,13.8,18.8,35.4
2020,CHI,106.,0.446,0.347,0.755,10.4,31.4,41.8,23.2,10.,4.0,14.6,21.8,33.8
2020,CLE,106.,0.458,0.351,0.758,10.8,33.4,44.2,23.0,6.8,3.2,15.7,18.2,29.2
2020,DAL,116.,0.462,0.369,0.772,10.6,36.3,47.0,24.4,6.2,4.9,12.1,19.0,59.7
2020,DEN,110.,0.470,0.357,0.775,10.7,33.5,44.2,26.5,8.1,4.6,12.9,20.0,66.2
2020,DET,107.,0.458,0.366,0.743,9.75,31.9,41.7,24.0,7.4,4.5,14.5,19.6,30.3
2020,GSW,106.,0.438,0.333,0.803,9.95,32.8,42.8,25.5,8.2,4.6,14.3,20.0,23.1
2020,HOU,118.,0.453,0.348,0.787,10.3,34.5,44.9,21.4,8.4,5.1,14.1,21.5,62.5
2020,IND,109.,0.477,0.362,0.786,8.81,34.0,42.8,25.9,7.2,5.1,12.5,19.6,60
2020,LAC,116.,0.464,0.366,0.792,10.9,37,47.9,23.8,7.1,4.9,14.0,22.0,68.8
2020,LAL,114.,0.484,0.354,0.729,10.6,35.5,46.1,25.8,8.5,6.8,14.5,20.6,77.8
2020,MEM,112.,0.469,0.351,0.760,10.4,36.2,46.7,27.0,8,5.5,14.5,20.8,49.2
2020,MIA,112.,0.469,0.383,0.777,8.49,36.0,44.5,25.9,7.3,4.4,13.8,20.3,63.1
2020,MIL,118.,0.477,0.355,0.741,9.49,42.2,51.7,25.9,7.3,6,14.4,19.1,81.5
2020,MIN,113.,0.440,0.335,0.753,10.5,34.2,44.8,23.8,8.6,5.6,14.7,21.4,29.7
2020,NOP,116.,0.462,0.371,0.728,11.2,35.7,47.0,27,7.5,5.1,15.7,21.0,43.8
2020,NYK,105.,0.447,0.337,0.694,12.0,34.4,46.5,22.0,7.6,4.7,13.8,22.1,31.8
2020,OKC,110.,0.473,0.354,0.797,8.07,34.5,42.6,21.8,7.6,5.0,12.7,18.8,62.5
2020,ORL,106.,0.441,0.341,0.769,10.3,34.1,44.5,23.9,8.3,5.7,11.9,17.6,46.2
2020,PHI,109.,0.465,0.361,0.751,10.3,35.1,45.4,25.8,8.1,5.3,13.4,20.6,60
2020,PHX,112.,0.464,0.352,0.826,9.8,33.2,43.0,27.1,7.8,4.0,14.5,22.1,40
2020,POR,113.,0.460,0.372,0.798,10.0,35.3,45.4,20.1,6.0,6.2,12.6,21.3,43.9
2020,SAC,108.,0.459,0.364,0.768,9.62,32.8,42.5,23.3,7.6,4.2,13.7,21.8,43.8
2020,SAS,113.,0.469,0.370,0.808,8.80,35.6,44.4,24.5,7.2,5.4,11.8,19.2,42.9
2020,TOR,112.,0.458,0.371,0.800,9.65,35.5,45.2,25.3,8.8,4.9,13.6,21.5,71.9
2020,UTA,111.,0.474,0.383,0.772,8.84,36.2,45.0,22.1,5.8,4,14.3,20.0,64.1
2020,WAS,115.,0.460,0.372,0.787,10.0,31.6,41.6,25.3,8.1,4.2,13.4,22.5,37.5
